timestamp, utilization.gpu [%], utilization.memory [%], power.draw [W], temperature.gpu, memory.used [MiB], memory.total [MiB]
2026/08/06 16:05:07.321, 0 %, 0 %, 49.28 W, 26, 0 MiB, 81559 MiB
2026/08/06 16:05:12.330, 69 %, 0 %, 95.25 W, 28, 467 MiB, 81559 MiB
2026/08/06 16:05:17.330, 69 %, 0 %, 95.31 W, 29, 467 MiB, 81559 MiB
2026/08/06 16:05:22.331, 70 %, 0 %, 95.37 W, 29, 467 MiB, 81559 MiB
2026/08/06 16:05:27.331, 70 %, 0 %, 95.44 W, 29, 467 MiB, 81559 MiB
2026/08/06 16:05:32.332, 69 %, 0 %, 95.44 W, 29, 467 MiB, 81559 MiB
2026/08/06 16:05:37.333, 70 %, 0 %, 95.57 W, 29, 467 MiB, 81559 MiB
2026/08/06 16:05:42.333, 69 %, 0 %, 95.69 W, 30, 467 MiB, 81559 MiB
2026/08/06 16:05:47.334, 69 %, 0 %, 95.62 W, 30, 467 MiB, 81559 MiB
2026/08/06 16:05:52.334, 70 %, 0 %, 95.58 W, 30, 463 MiB, 81559 MiB
2026/08/06 16:05:57.335, 69 %, 0 %, 95.74 W, 30, 467 MiB, 81559 MiB
2026/08/06 16:06:02.335, 70 %, 0 %, 95.69 W, 30, 467 MiB, 81559 MiB
2026/08/06 16:06:07.336, 69 %, 0 %, 95.85 W, 30, 467 MiB, 81559 MiB
2026/08/06 16:06:12.337, 70 %, 0 %, 95.83 W, 30, 467 MiB, 81559 MiB
2026/08/06 16:06:17.337, 69 %, 0 %, 95.70 W, 30, 467 MiB, 81559 MiB
2026/08/06 16:06:22.338, 69 %, 0 %, 95.67 W, 30, 467 MiB, 81559 MiB
2026/08/06 16:06:27.338, 69 %, 0 %, 95.74 W, 30, 467 MiB, 81559 MiB
2026/08/06 16:06:32.339, 69 %, 0 %, 95.86 W, 30, 467 MiB, 81559 MiB
2026/08/06 16:06:37.339, 70 %, 0 %, 95.86 W, 30, 467 MiB, 81559 MiB
2026/08/06 16:06:42.340, 70 %, 0 %, 95.88 W, 30, 467 MiB, 81559 MiB
2026/08/06 16:06:47.340, 70 %, 0 %, 95.90 W, 30, 467 MiB, 81559 MiB
2026/08/06 16:06:52.341, 70 %, 0 %, 95.82 W, 30, 467 MiB, 81559 MiB
2026/08/06 16:06:57.341, 70 %, 0 %, 95.94 W, 30, 467 MiB, 81559 MiB
2026/08/06 16:07:02.342, 71 %, 0 %, 95.95 W, 30, 467 MiB, 81559 MiB
2026/08/06 16:07:07.342, 70 %, 0 %, 96.02 W, 30, 463 MiB, 81559 MiB
2026/08/06 16:07:12.343, 70 %, 0 %, 95.91 W, 30, 467 MiB, 81559 MiB
2026/08/06 16:07:17.344, 70 %, 0 %, 96.05 W, 30, 467 MiB, 81559 MiB
2026/08/06 16:07:22.344, 69 %, 0 %, 95.91 W, 30, 467 MiB, 81559 MiB
2026/08/06 16:07:27.345, 70 %, 0 %, 96.05 W, 30, 467 MiB, 81559 MiB
2026/08/06 16:07:32.345, 69 %, 0 %, 96.05 W, 30, 467 MiB, 81559 MiB
2026/08/06 16:07:37.346, 70 %, 0 %, 95.96 W, 30, 467 MiB, 81559 MiB
2026/08/06 16:07:42.346, 70 %, 0 %, 95.98 W, 30, 467 MiB, 81559 MiB
2026/08/06 16:07:47.347, 70 %, 0 %, 96.00 W, 30, 467 MiB, 81559 MiB
2026/08/06 16:07:52.347, 70 %, 0 %, 95.93 W, 30, 467 MiB, 81559 MiB
2026/08/06 16:07:57.348, 71 %, 0 %, 96.01 W, 30, 467 MiB, 81559 MiB
2026/08/06 16:08:02.348, 70 %, 0 %, 95.88 W, 30, 467 MiB, 81559 MiB
2026/08/06 16:08:07.349, 70 %, 0 %, 96.01 W, 30, 467 MiB, 81559 MiB
2026/08/06 16:08:12.349, 69 %, 0 %, 96.04 W, 30, 467 MiB, 81559 MiB
2026/08/06 16:08:17.350, 70 %, 0 %, 95.95 W, 30, 463 MiB, 81559 MiB
2026/08/06 16:08:22.351, 69 %, 0 %, 95.93 W, 30, 467 MiB, 81559 MiB
2026/08/06 16:08:27.351, 70 %, 0 %, 96.01 W, 30, 467 MiB, 81559 MiB
2026/08/06 16:08:32.352, 70 %, 0 %, 96.03 W, 30, 467 MiB, 81559 MiB
2026/08/06 16:08:37.352, 70 %, 0 %, 96.08 W, 30, 467 MiB, 81559 MiB
2026/08/06 16:08:42.353, 70 %, 0 %, 95.86 W, 30, 467 MiB, 81559 MiB
2026/08/06 16:08:47.353, 71 %, 0 %, 95.92 W, 30, 461 MiB, 81559 MiB
2026/08/06 16:08:52.354, 71 %, 0 %, 95.88 W, 30, 467 MiB, 81559 MiB
2026/08/06 16:08:57.354, 70 %, 0 %, 95.99 W, 30, 467 MiB, 81559 MiB
2026/08/06 16:09:02.355, 70 %, 0 %, 96.03 W, 30, 467 MiB, 81559 MiB
2026/08/06 16:09:07.355, 70 %, 0 %, 95.85 W, 30, 467 MiB, 81559 MiB
2026/08/06 16:09:12.356, 71 %, 0 %, 96.00 W, 30, 467 MiB, 81559 MiB
2026/08/06 16:09:17.357, 70 %, 0 %, 95.87 W, 30, 467 MiB, 81559 MiB
2026/08/06 16:09:22.357, 70 %, 0 %, 96.06 W, 30, 467 MiB, 81559 MiB
2026/08/06 16:09:27.358, 70 %, 0 %, 95.86 W, 30, 467 MiB, 81559 MiB
2026/08/06 16:09:32.358, 69 %, 0 %, 95.89 W, 30, 467 MiB, 81559 MiB
2026/08/06 16:09:37.359, 69 %, 0 %, 95.82 W, 30, 467 MiB, 81559 MiB
2026/08/06 16:09:42.359, 70 %, 0 %, 95.96 W, 30, 467 MiB, 81559 MiB
2026/08/06 16:09:47.360, 70 %, 0 %, 95.94 W, 30, 467 MiB, 81559 MiB
2026/08/06 16:09:52.360, 70 %, 0 %, 95.73 W, 30, 467 MiB, 81559 MiB
2026/08/06 16:09:57.361, 70 %, 0 %, 95.80 W, 30, 467 MiB, 81559 MiB
2026/08/06 16:10:02.362, 69 %, 0 %, 95.73 W, 30, 467 MiB, 81559 MiB
2026/08/06 16:10:07.362, 69 %, 0 %, 95.97 W, 30, 467 MiB, 81559 MiB
2026/08/06 16:10:12.363, 69 %, 0 %, 95.90 W, 30, 467 MiB, 81559 MiB
2026/08/06 16:10:17.365, 69 %, 0 %, 95.82 W, 30, 467 MiB, 81559 MiB
2026/08/06 16:10:22.365, 69 %, 0 %, 95.70 W, 30, 467 MiB, 81559 MiB
2026/08/06 16:10:27.366, 69 %, 0 %, 95.85 W, 30, 467 MiB, 81559 MiB
2026/08/06 16:10:32.366, 70 %, 0 %, 95.83 W, 30, 467 MiB, 81559 MiB
2026/08/06 16:10:37.367, 70 %, 0 %, 95.85 W, 30, 467 MiB, 81559 MiB
2026/08/06 16:10:42.367, 70 %, 0 %, 95.79 W, 30, 467 MiB, 81559 MiB
2026/08/06 16:10:47.368, 70 %, 0 %, 95.83 W, 30, 467 MiB, 81559 MiB
2026/08/06 16:10:52.369, 69 %, 0 %, 95.77 W, 30, 467 MiB, 81559 MiB
2026/08/06 16:10:57.369, 69 %, 0 %, 95.83 W, 30, 467 MiB, 81559 MiB
2026/08/06 16:11:02.370, 69 %, 0 %, 95.93 W, 30, 467 MiB, 81559 MiB
2026/08/06 16:11:07.370, 70 %, 0 %, 95.96 W, 30, 467 MiB, 81559 MiB
2026/08/06 16:11:12.371, 70 %, 0 %, 95.89 W, 30, 467 MiB, 81559 MiB
2026/08/06 16:11:17.372, 69 %, 0 %, 95.83 W, 30, 467 MiB, 81559 MiB
2026/08/06 16:11:22.372, 69 %, 0 %, 95.80 W, 30, 467 MiB, 81559 MiB
2026/08/06 16:11:27.372, 70 %, 0 %, 95.79 W, 30, 467 MiB, 81559 MiB
2026/08/06 16:11:32.373, 70 %, 0 %, 95.89 W, 30, 467 MiB, 81559 MiB
2026/08/06 16:11:37.374, 70 %, 0 %, 95.86 W, 30, 467 MiB, 81559 MiB
2026/08/06 16:11:42.374, 69 %, 0 %, 95.78 W, 30, 467 MiB, 81559 MiB
2026/08/06 16:11:47.375, 69 %, 0 %, 95.94 W, 30, 467 MiB, 81559 MiB
2026/08/06 16:11:52.375, 70 %, 0 %, 95.84 W, 30, 467 MiB, 81559 MiB
2026/08/06 16:11:57.376, 70 %, 0 %, 95.95 W, 30, 467 MiB, 81559 MiB
2026/08/06 16:12:02.376, 70 %, 0 %, 95.84 W, 30, 467 MiB, 81559 MiB
2026/08/06 16:12:07.377, 69 %, 0 %, 95.85 W, 30, 467 MiB, 81559 MiB
2026/08/06 16:12:12.377, 70 %, 0 %, 95.82 W, 30, 467 MiB, 81559 MiB
2026/08/06 16:12:17.378, 69 %, 0 %, 95.91 W, 30, 467 MiB, 81559 MiB
2026/08/06 16:12:22.379, 68 %, 0 %, 95.40 W, 30, 467 MiB, 81559 MiB
2026/08/06 16:12:27.379, 68 %, 0 %, 95.49 W, 30, 467 MiB, 81559 MiB
2026/08/06 16:12:32.380, 68 %, 0 %, 95.43 W, 30, 467 MiB, 81559 MiB
2026/08/06 16:12:37.380, 68 %, 0 %, 95.41 W, 30, 467 MiB, 81559 MiB
2026/08/06 16:12:42.381, 69 %, 0 %, 95.51 W, 30, 467 MiB, 81559 MiB
2026/08/06 16:12:47.382, 68 %, 0 %, 95.54 W, 30, 467 MiB, 81559 MiB
2026/08/06 16:12:52.382, 68 %, 0 %, 95.38 W, 30, 467 MiB, 81559 MiB
2026/08/06 16:12:57.383, 68 %, 0 %, 95.43 W, 30, 467 MiB, 81559 MiB
2026/08/06 16:13:02.383, 67 %, 0 %, 95.43 W, 30, 463 MiB, 81559 MiB
2026/08/06 16:13:07.384, 68 %, 0 %, 95.57 W, 30, 467 MiB, 81559 MiB
2026/08/06 16:13:12.384, 68 %, 0 %, 95.31 W, 30, 467 MiB, 81559 MiB
2026/08/06 16:13:17.385, 68 %, 0 %, 95.48 W, 30, 467 MiB, 81559 MiB
2026/08/06 16:13:22.386, 68 %, 0 %, 95.29 W, 30, 467 MiB, 81559 MiB
2026/08/06 16:13:27.386, 68 %, 0 %, 95.45 W, 30, 467 MiB, 81559 MiB
2026/08/06 16:13:32.387, 67 %, 0 %, 95.46 W, 30, 467 MiB, 81559 MiB
2026/08/06 16:13:37.387, 68 %, 0 %, 95.47 W, 30, 467 MiB, 81559 MiB
2026/08/06 16:13:42.388, 67 %, 0 %, 95.42 W, 30, 467 MiB, 81559 MiB
2026/08/06 16:13:47.388, 68 %, 0 %, 95.45 W, 30, 467 MiB, 81559 MiB
2026/08/06 16:13:52.389, 68 %, 0 %, 95.24 W, 30, 467 MiB, 81559 MiB
2026/08/06 16:13:57.389, 68 %, 0 %, 95.44 W, 30, 467 MiB, 81559 MiB
2026/08/06 16:14:02.390, 69 %, 0 %, 95.48 W, 30, 467 MiB, 81559 MiB
2026/08/06 16:14:07.390, 68 %, 0 %, 95.39 W, 30, 467 MiB, 81559 MiB
2026/08/06 16:14:12.391, 68 %, 0 %, 95.52 W, 30, 467 MiB, 81559 MiB
2026/08/06 16:14:17.391, 67 %, 0 %, 95.41 W, 30, 467 MiB, 81559 MiB
2026/08/06 16:14:22.392, 68 %, 0 %, 95.36 W, 30, 467 MiB, 81559 MiB
2026/08/06 16:14:27.392, 68 %, 0 %, 95.03 W, 30, 467 MiB, 81559 MiB
2026/08/06 16:14:32.393, 67 %, 0 %, 95.34 W, 30, 467 MiB, 81559 MiB
2026/08/06 16:14:37.394, 68 %, 0 %, 95.42 W, 30, 467 MiB, 81559 MiB
2026/08/06 16:14:42.394, 68 %, 0 %, 95.49 W, 30, 467 MiB, 81559 MiB
2026/08/06 16:14:47.395, 68 %, 0 %, 95.39 W, 30, 467 MiB, 81559 MiB
2026/08/06 16:14:52.395, 67 %, 0 %, 95.34 W, 30, 467 MiB, 81559 MiB
2026/08/06 16:14:57.396, 68 %, 0 %, 95.43 W, 30, 467 MiB, 81559 MiB
2026/08/06 16:15:02.396, 67 %, 0 %, 95.28 W, 30, 467 MiB, 81559 MiB
2026/08/06 16:15:07.397, 68 %, 0 %, 95.43 W, 30, 463 MiB, 81559 MiB
2026/08/06 16:15:12.397, 69 %, 0 %, 95.39 W, 30, 467 MiB, 81559 MiB
2026/08/06 16:15:17.398, 68 %, 0 %, 95.43 W, 30, 467 MiB, 81559 MiB
2026/08/06 16:15:22.399, 69 %, 0 %, 95.39 W, 30, 467 MiB, 81559 MiB
2026/08/06 16:15:27.399, 68 %, 0 %, 95.46 W, 30, 467 MiB, 81559 MiB
2026/08/06 16:15:32.400, 68 %, 0 %, 95.28 W, 30, 467 MiB, 81559 MiB
2026/08/06 16:15:37.400, 68 %, 0 %, 95.45 W, 30, 467 MiB, 81559 MiB
2026/08/06 16:15:42.401, 68 %, 0 %, 95.39 W, 30, 467 MiB, 81559 MiB
2026/08/06 16:15:47.402, 67 %, 0 %, 95.28 W, 30, 467 MiB, 81559 MiB
2026/08/06 16:15:52.402, 68 %, 0 %, 95.46 W, 30, 467 MiB, 81559 MiB
2026/08/06 16:15:57.403, 67 %, 0 %, 95.52 W, 30, 467 MiB, 81559 MiB
2026/08/06 16:16:02.403, 67 %, 0 %, 95.41 W, 30, 467 MiB, 81559 MiB
2026/08/06 16:16:07.404, 69 %, 0 %, 95.38 W, 30, 467 MiB, 81559 MiB
2026/08/06 16:16:12.404, 67 %, 0 %, 95.48 W, 30, 467 MiB, 81559 MiB
2026/08/06 16:16:17.405, 68 %, 0 %, 95.35 W, 30, 467 MiB, 81559 MiB
2026/08/06 16:16:22.405, 68 %, 0 %, 95.36 W, 30, 467 MiB, 81559 MiB
2026/08/06 16:16:27.406, 67 %, 0 %, 95.40 W, 30, 467 MiB, 81559 MiB
2026/08/06 16:16:32.406, 68 %, 0 %, 95.30 W, 30, 467 MiB, 81559 MiB
2026/08/06 16:16:37.407, 68 %, 0 %, 95.46 W, 30, 467 MiB, 81559 MiB
2026/08/06 16:16:42.407, 67 %, 0 %, 95.38 W, 30, 467 MiB, 81559 MiB
2026/08/06 16:16:47.408, 67 %, 0 %, 95.48 W, 30, 467 MiB, 81559 MiB
2026/08/06 16:16:52.409, 69 %, 0 %, 95.47 W, 30, 467 MiB, 81559 MiB
2026/08/06 16:16:57.409, 67 %, 0 %, 95.37 W, 30, 467 MiB, 81559 MiB
2026/08/06 16:17:02.410, 67 %, 0 %, 95.32 W, 30, 467 MiB, 81559 MiB
2026/08/06 16:17:07.410, 67 %, 0 %, 95.37 W, 30, 467 MiB, 81559 MiB
2026/08/06 16:17:12.411, 67 %, 0 %, 95.33 W, 30, 467 MiB, 81559 MiB
2026/08/06 16:17:17.411, 68 %, 0 %, 95.38 W, 30, 467 MiB, 81559 MiB
2026/08/06 16:17:22.412, 68 %, 0 %, 95.33 W, 30, 467 MiB, 81559 MiB
2026/08/06 16:17:27.413, 67 %, 0 %, 95.39 W, 30, 467 MiB, 81559 MiB
2026/08/06 16:17:32.413, 67 %, 0 %, 95.46 W, 30, 467 MiB, 81559 MiB
2026/08/06 16:17:37.414, 69 %, 0 %, 95.44 W, 30, 467 MiB, 81559 MiB
2026/08/06 16:17:42.414, 67 %, 0 %, 95.49 W, 30, 467 MiB, 81559 MiB
2026/08/06 16:17:47.415, 68 %, 0 %, 95.37 W, 30, 467 MiB, 81559 MiB
2026/08/06 16:17:52.415, 69 %, 0 %, 95.35 W, 30, 467 MiB, 81559 MiB
2026/08/06 16:17:57.416, 68 %, 0 %, 95.55 W, 30, 467 MiB, 81559 MiB
2026/08/06 16:18:02.416, 68 %, 0 %, 95.51 W, 30, 467 MiB, 81559 MiB
2026/08/06 16:18:07.417, 68 %, 0 %, 95.35 W, 30, 467 MiB, 81559 MiB
2026/08/06 16:18:12.417, 67 %, 0 %, 95.48 W, 30, 467 MiB, 81559 MiB
2026/08/06 16:18:17.418, 67 %, 0 %, 95.35 W, 30, 467 MiB, 81559 MiB
2026/08/06 16:18:22.418, 67 %, 0 %, 95.27 W, 30, 467 MiB, 81559 MiB
2026/08/06 16:18:27.419, 68 %, 0 %, 95.31 W, 30, 467 MiB, 81559 MiB
2026/08/06 16:18:32.419, 68 %, 0 %, 95.31 W, 30, 467 MiB, 81559 MiB
2026/08/06 16:18:37.420, 68 %, 0 %, 95.44 W, 30, 467 MiB, 81559 MiB
2026/08/06 16:18:42.420, 67 %, 0 %, 95.39 W, 30, 467 MiB, 81559 MiB
2026/08/06 16:18:47.421, 68 %, 0 %, 95.41 W, 30, 467 MiB, 81559 MiB
2026/08/06 16:18:52.421, 68 %, 0 %, 95.48 W, 30, 463 MiB, 81559 MiB
2026/08/06 16:18:57.422, 68 %, 0 %, 95.57 W, 30, 467 MiB, 81559 MiB
2026/08/06 16:19:02.423, 68 %, 0 %, 95.43 W, 30, 467 MiB, 81559 MiB
2026/08/06 16:19:07.423, 69 %, 0 %, 95.53 W, 30, 467 MiB, 81559 MiB
2026/08/06 16:19:12.424, 68 %, 0 %, 95.55 W, 30, 467 MiB, 81559 MiB
2026/08/06 16:19:17.425, 68 %, 0 %, 95.64 W, 30, 467 MiB, 81559 MiB
2026/08/06 16:19:22.426, 69 %, 0 %, 95.64 W, 30, 467 MiB, 81559 MiB
2026/08/06 16:19:27.426, 68 %, 0 %, 95.61 W, 30, 467 MiB, 81559 MiB
2026/08/06 16:19:32.427, 69 %, 0 %, 95.66 W, 30, 467 MiB, 81559 MiB
2026/08/06 16:19:37.427, 68 %, 0 %, 95.54 W, 30, 467 MiB, 81559 MiB
2026/08/06 16:19:42.428, 68 %, 0 %, 95.57 W, 30, 467 MiB, 81559 MiB
2026/08/06 16:19:47.429, 69 %, 0 %, 95.59 W, 30, 467 MiB, 81559 MiB
2026/08/06 16:19:52.429, 69 %, 0 %, 95.50 W, 30, 467 MiB, 81559 MiB
2026/08/06 16:19:57.430, 68 %, 0 %, 95.61 W, 30, 467 MiB, 81559 MiB
2026/08/06 16:20:02.431, 69 %, 0 %, 95.60 W, 30, 467 MiB, 81559 MiB
2026/08/06 16:20:07.432, 69 %, 0 %, 95.52 W, 30, 467 MiB, 81559 MiB
2026/08/06 16:20:12.432, 68 %, 0 %, 95.72 W, 30, 467 MiB, 81559 MiB
2026/08/06 16:20:17.433, 68 %, 0 %, 95.48 W, 30, 467 MiB, 81559 MiB
2026/08/06 16:20:22.434, 69 %, 0 %, 95.48 W, 30, 467 MiB, 81559 MiB
2026/08/06 16:20:27.434, 68 %, 0 %, 95.47 W, 30, 467 MiB, 81559 MiB
2026/08/06 16:20:32.435, 69 %, 0 %, 95.46 W, 30, 467 MiB, 81559 MiB
2026/08/06 16:20:37.435, 69 %, 0 %, 95.58 W, 30, 467 MiB, 81559 MiB
2026/08/06 16:20:42.436, 69 %, 0 %, 95.54 W, 30, 467 MiB, 81559 MiB
2026/08/06 16:20:47.437, 68 %, 0 %, 95.60 W, 30, 467 MiB, 81559 MiB
2026/08/06 16:20:52.437, 69 %, 0 %, 95.56 W, 30, 467 MiB, 81559 MiB
2026/08/06 16:20:57.438, 68 %, 0 %, 95.69 W, 30, 467 MiB, 81559 MiB
2026/08/06 16:21:02.439, 68 %, 0 %, 95.69 W, 30, 463 MiB, 81559 MiB
2026/08/06 16:21:07.439, 69 %, 0 %, 95.62 W, 30, 467 MiB, 81559 MiB
2026/08/06 16:21:12.440, 68 %, 0 %, 95.66 W, 30, 467 MiB, 81559 MiB
2026/08/06 16:21:17.440, 68 %, 0 %, 95.56 W, 30, 467 MiB, 81559 MiB
2026/08/06 16:21:22.441, 69 %, 0 %, 95.43 W, 30, 467 MiB, 81559 MiB
2026/08/06 16:21:27.441, 68 %, 0 %, 95.58 W, 30, 467 MiB, 81559 MiB
2026/08/06 16:21:32.442, 68 %, 0 %, 95.50 W, 30, 467 MiB, 81559 MiB
2026/08/06 16:21:37.442, 69 %, 0 %, 95.51 W, 30, 467 MiB, 81559 MiB
2026/08/06 16:21:42.443, 68 %, 0 %, 95.56 W, 30, 467 MiB, 81559 MiB
2026/08/06 16:21:47.443, 68 %, 0 %, 95.48 W, 30, 467 MiB, 81559 MiB
2026/08/06 16:21:52.444, 69 %, 0 %, 95.37 W, 30, 467 MiB, 81559 MiB
2026/08/06 16:21:57.444, 69 %, 0 %, 95.38 W, 30, 467 MiB, 81559 MiB
2026/08/06 16:22:02.445, 69 %, 0 %, 95.49 W, 30, 467 MiB, 81559 MiB
2026/08/06 16:22:07.446, 68 %, 0 %, 95.57 W, 30, 467 MiB, 81559 MiB
2026/08/06 16:22:12.446, 68 %, 0 %, 95.61 W, 30, 463 MiB, 81559 MiB
2026/08/06 16:22:17.447, 68 %, 0 %, 95.66 W, 30, 467 MiB, 81559 MiB
2026/08/06 16:22:22.447, 68 %, 0 %, 95.63 W, 30, 467 MiB, 81559 MiB
2026/08/06 16:22:27.448, 68 %, 0 %, 95.56 W, 30, 467 MiB, 81559 MiB
2026/08/06 16:22:32.448, 69 %, 0 %, 95.51 W, 30, 467 MiB, 81559 MiB
2026/08/06 16:22:37.449, 68 %, 0 %, 95.54 W, 30, 467 MiB, 81559 MiB
2026/08/06 16:22:42.449, 68 %, 0 %, 95.63 W, 30, 467 MiB, 81559 MiB
2026/08/06 16:22:47.450, 69 %, 0 %, 95.55 W, 30, 467 MiB, 81559 MiB
2026/08/06 16:22:52.450, 68 %, 0 %, 95.24 W, 30, 467 MiB, 81559 MiB
2026/08/06 16:22:57.451, 68 %, 0 %, 95.43 W, 30, 467 MiB, 81559 MiB
2026/08/06 16:23:02.451, 67 %, 0 %, 95.51 W, 30, 467 MiB, 81559 MiB
2026/08/06 16:23:07.452, 67 %, 0 %, 95.38 W, 30, 467 MiB, 81559 MiB
2026/08/06 16:23:12.452, 67 %, 0 %, 95.48 W, 30, 467 MiB, 81559 MiB
2026/08/06 16:23:17.453, 67 %, 0 %, 95.50 W, 30, 467 MiB, 81559 MiB
2026/08/06 16:23:22.453, 69 %, 0 %, 95.37 W, 30, 467 MiB, 81559 MiB
2026/08/06 16:23:27.454, 68 %, 0 %, 95.46 W, 30, 467 MiB, 81559 MiB
2026/08/06 16:23:32.458, 67 %, 0 %, 95.27 W, 30, 467 MiB, 81559 MiB
2026/08/06 16:23:37.459, 68 %, 0 %, 95.29 W, 30, 467 MiB, 81559 MiB
2026/08/06 16:23:42.459, 67 %, 0 %, 95.58 W, 30, 467 MiB, 81559 MiB
2026/08/06 16:23:47.460, 68 %, 0 %, 95.54 W, 30, 467 MiB, 81559 MiB
2026/08/06 16:23:52.460, 68 %, 0 %, 95.46 W, 30, 463 MiB, 81559 MiB
2026/08/06 16:23:57.461, 68 %, 0 %, 95.55 W, 30, 467 MiB, 81559 MiB
2026/08/06 16:24:02.461, 68 %, 0 %, 95.63 W, 30, 467 MiB, 81559 MiB
2026/08/06 16:24:07.462, 68 %, 0 %, 95.49 W, 30, 467 MiB, 81559 MiB
2026/08/06 16:24:12.462, 68 %, 0 %, 95.58 W, 30, 467 MiB, 81559 MiB
2026/08/06 16:24:17.463, 68 %, 0 %, 95.57 W, 30, 467 MiB, 81559 MiB
2026/08/06 16:24:22.463, 68 %, 0 %, 95.35 W, 30, 467 MiB, 81559 MiB
2026/08/06 16:24:27.464, 68 %, 0 %, 95.48 W, 30, 467 MiB, 81559 MiB
2026/08/06 16:24:32.464, 68 %, 0 %, 95.62 W, 30, 467 MiB, 81559 MiB
2026/08/06 16:24:37.465, 68 %, 0 %, 95.64 W, 30, 467 MiB, 81559 MiB
2026/08/06 16:24:42.465, 68 %, 0 %, 95.61 W, 30, 467 MiB, 81559 MiB
2026/08/06 16:24:47.466, 68 %, 0 %, 95.63 W, 30, 467 MiB, 81559 MiB
2026/08/06 16:24:52.467, 68 %, 0 %, 95.43 W, 30, 463 MiB, 81559 MiB
2026/08/06 16:24:57.467, 68 %, 0 %, 95.65 W, 30, 467 MiB, 81559 MiB
2026/08/06 16:25:02.468, 68 %, 0 %, 95.69 W, 30, 467 MiB, 81559 MiB
2026/08/06 16:25:07.468, 68 %, 0 %, 95.71 W, 30, 467 MiB, 81559 MiB
2026/08/06 16:25:12.469, 69 %, 0 %, 95.62 W, 30, 467 MiB, 81559 MiB
2026/08/06 16:25:17.469, 68 %, 0 %, 95.51 W, 30, 467 MiB, 81559 MiB
2026/08/06 16:25:22.470, 69 %, 0 %, 95.32 W, 30, 463 MiB, 81559 MiB
2026/08/06 16:25:27.470, 68 %, 0 %, 95.64 W, 30, 467 MiB, 81559 MiB
2026/08/06 16:25:32.470, 68 %, 0 %, 95.61 W, 30, 467 MiB, 81559 MiB
2026/08/06 16:25:37.471, 68 %, 0 %, 95.57 W, 30, 467 MiB, 81559 MiB
2026/08/06 16:25:42.472, 68 %, 0 %, 95.62 W, 30, 467 MiB, 81559 MiB
2026/08/06 16:25:47.472, 68 %, 0 %, 95.49 W, 30, 467 MiB, 81559 MiB
2026/08/06 16:25:52.473, 69 %, 0 %, 95.39 W, 30, 467 MiB, 81559 MiB
2026/08/06 16:25:57.473, 68 %, 0 %, 95.61 W, 30, 463 MiB, 81559 MiB
2026/08/06 16:26:02.474, 69 %, 0 %, 95.55 W, 30, 467 MiB, 81559 MiB
2026/08/06 16:26:07.474, 68 %, 0 %, 95.67 W, 30, 467 MiB, 81559 MiB
2026/08/06 16:26:12.475, 68 %, 0 %, 95.64 W, 30, 463 MiB, 81559 MiB
2026/08/06 16:26:17.475, 69 %, 0 %, 95.54 W, 30, 467 MiB, 81559 MiB
2026/08/06 16:26:22.476, 69 %, 0 %, 95.46 W, 30, 467 MiB, 81559 MiB
2026/08/06 16:26:27.476, 69 %, 0 %, 95.54 W, 30, 467 MiB, 81559 MiB
2026/08/06 16:26:32.476, 69 %, 0 %, 95.46 W, 30, 467 MiB, 81559 MiB
2026/08/06 16:26:37.477, 68 %, 0 %, 95.48 W, 30, 467 MiB, 81559 MiB
2026/08/06 16:26:42.477, 69 %, 0 %, 95.58 W, 30, 467 MiB, 81559 MiB
2026/08/06 16:26:47.478, 68 %, 0 %, 95.58 W, 30, 467 MiB, 81559 MiB
2026/08/06 16:26:52.478, 68 %, 0 %, 95.46 W, 30, 467 MiB, 81559 MiB
2026/08/06 16:26:57.479, 68 %, 0 %, 95.50 W, 30, 467 MiB, 81559 MiB
2026/08/06 16:27:02.479, 68 %, 0 %, 95.59 W, 30, 467 MiB, 81559 MiB
2026/08/06 16:27:07.480, 69 %, 0 %, 95.46 W, 30, 467 MiB, 81559 MiB
2026/08/06 16:27:12.480, 69 %, 0 %, 95.63 W, 30, 467 MiB, 81559 MiB
2026/08/06 16:27:17.481, 68 %, 0 %, 95.55 W, 30, 467 MiB, 81559 MiB
2026/08/06 16:27:22.481, 68 %, 0 %, 95.41 W, 30, 467 MiB, 81559 MiB
2026/08/06 16:27:27.482, 69 %, 0 %, 95.47 W, 30, 467 MiB, 81559 MiB
2026/08/06 16:27:32.482, 68 %, 0 %, 95.59 W, 30, 467 MiB, 81559 MiB
2026/08/06 16:27:37.483, 68 %, 0 %, 95.55 W, 30, 467 MiB, 81559 MiB
2026/08/06 16:27:42.483, 69 %, 0 %, 95.45 W, 30, 467 MiB, 81559 MiB
2026/08/06 16:27:47.484, 69 %, 0 %, 95.45 W, 30, 467 MiB, 81559 MiB
2026/08/06 16:27:52.484, 69 %, 0 %, 95.56 W, 30, 467 MiB, 81559 MiB
2026/08/06 16:27:57.485, 69 %, 0 %, 95.61 W, 30, 467 MiB, 81559 MiB
2026/08/06 16:28:02.486, 68 %, 0 %, 95.58 W, 30, 467 MiB, 81559 MiB
2026/08/06 16:28:07.486, 68 %, 0 %, 95.51 W, 30, 467 MiB, 81559 MiB
2026/08/06 16:28:12.487, 68 %, 0 %, 95.51 W, 30, 467 MiB, 81559 MiB
2026/08/06 16:28:17.487, 68 %, 0 %, 95.48 W, 30, 467 MiB, 81559 MiB
2026/08/06 16:28:22.488, 68 %, 0 %, 95.50 W, 30, 467 MiB, 81559 MiB
2026/08/06 16:28:27.488, 68 %, 0 %, 95.54 W, 30, 467 MiB, 81559 MiB
2026/08/06 16:28:32.489, 68 %, 0 %, 95.65 W, 30, 467 MiB, 81559 MiB
2026/08/06 16:28:37.489, 69 %, 0 %, 95.57 W, 30, 467 MiB, 81559 MiB
2026/08/06 16:28:42.490, 68 %, 0 %, 95.53 W, 30, 467 MiB, 81559 MiB
2026/08/06 16:28:47.490, 68 %, 0 %, 95.61 W, 30, 467 MiB, 81559 MiB
2026/08/06 16:28:52.491, 68 %, 0 %, 95.48 W, 30, 467 MiB, 81559 MiB
2026/08/06 16:28:57.492, 68 %, 0 %, 95.49 W, 30, 467 MiB, 81559 MiB
2026/08/06 16:29:02.492, 68 %, 0 %, 95.59 W, 30, 467 MiB, 81559 MiB
2026/08/06 16:29:07.493, 69 %, 0 %, 95.53 W, 30, 467 MiB, 81559 MiB
2026/08/06 16:29:12.493, 69 %, 0 %, 95.57 W, 30, 467 MiB, 81559 MiB
2026/08/06 16:29:17.494, 68 %, 0 %, 95.50 W, 30, 467 MiB, 81559 MiB
2026/08/06 16:29:22.494, 68 %, 0 %, 95.52 W, 30, 467 MiB, 81559 MiB
2026/08/06 16:29:27.495, 69 %, 0 %, 95.45 W, 30, 467 MiB, 81559 MiB
2026/08/06 16:29:32.495, 68 %, 0 %, 95.64 W, 30, 467 MiB, 81559 MiB
2026/08/06 16:29:37.496, 69 %, 0 %, 95.52 W, 30, 467 MiB, 81559 MiB
2026/08/06 16:29:42.496, 69 %, 0 %, 95.39 W, 30, 467 MiB, 81559 MiB
2026/08/06 16:29:47.496, 68 %, 0 %, 95.49 W, 30, 467 MiB, 81559 MiB
2026/08/06 16:29:52.497, 69 %, 0 %, 95.51 W, 30, 467 MiB, 81559 MiB
2026/08/06 16:29:57.497, 69 %, 0 %, 95.50 W, 30, 467 MiB, 81559 MiB
2026/08/06 16:30:02.498, 68 %, 0 %, 95.54 W, 30, 467 MiB, 81559 MiB
2026/08/06 16:30:07.498, 69 %, 0 %, 95.49 W, 30, 467 MiB, 81559 MiB
2026/08/06 16:30:12.499, 68 %, 0 %, 95.51 W, 30, 467 MiB, 81559 MiB
2026/08/06 16:30:17.499, 69 %, 0 %, 95.44 W, 30, 467 MiB, 81559 MiB
2026/08/06 16:30:22.500, 68 %, 0 %, 95.44 W, 30, 467 MiB, 81559 MiB
2026/08/06 16:30:27.500, 68 %, 0 %, 95.44 W, 30, 467 MiB, 81559 MiB
2026/08/06 16:30:32.501, 68 %, 0 %, 95.59 W, 30, 467 MiB, 81559 MiB
2026/08/06 16:30:37.501, 68 %, 0 %, 95.58 W, 30, 467 MiB, 81559 MiB
2026/08/06 16:30:42.502, 68 %, 0 %, 95.50 W, 30, 467 MiB, 81559 MiB
2026/08/06 16:30:47.502, 68 %, 0 %, 95.50 W, 30, 467 MiB, 81559 MiB
2026/08/06 16:30:52.503, 68 %, 0 %, 95.59 W, 30, 467 MiB, 81559 MiB
2026/08/06 16:30:57.503, 68 %, 0 %, 95.53 W, 30, 467 MiB, 81559 MiB
2026/08/06 16:31:02.504, 68 %, 0 %, 95.38 W, 30, 467 MiB, 81559 MiB
2026/08/06 16:31:07.505, 68 %, 0 %, 95.51 W, 30, 467 MiB, 81559 MiB
2026/08/06 16:31:12.505, 67 %, 0 %, 95.42 W, 30, 467 MiB, 81559 MiB
2026/08/06 16:31:17.506, 68 %, 0 %, 95.41 W, 30, 467 MiB, 81559 MiB
2026/08/06 16:31:22.506, 67 %, 0 %, 95.37 W, 30, 467 MiB, 81559 MiB
2026/08/06 16:31:27.507, 68 %, 0 %, 95.45 W, 30, 467 MiB, 81559 MiB
2026/08/06 16:31:32.507, 68 %, 0 %, 95.42 W, 30, 467 MiB, 81559 MiB
2026/08/06 16:31:37.508, 67 %, 0 %, 95.38 W, 30, 467 MiB, 81559 MiB
2026/08/06 16:31:42.509, 67 %, 0 %, 95.48 W, 30, 467 MiB, 81559 MiB
2026/08/06 16:31:47.509, 67 %, 0 %, 95.47 W, 30, 467 MiB, 81559 MiB
2026/08/06 16:31:52.510, 68 %, 0 %, 95.42 W, 30, 467 MiB, 81559 MiB
2026/08/06 16:31:57.510, 66 %, 0 %, 95.39 W, 30, 467 MiB, 81559 MiB
2026/08/06 16:32:02.511, 68 %, 0 %, 95.42 W, 30, 467 MiB, 81559 MiB
2026/08/06 16:32:07.511, 68 %, 0 %, 95.50 W, 30, 467 MiB, 81559 MiB
2026/08/06 16:32:12.512, 68 %, 0 %, 95.35 W, 30, 467 MiB, 81559 MiB
2026/08/06 16:32:17.512, 67 %, 0 %, 95.48 W, 30, 467 MiB, 81559 MiB
2026/08/06 16:32:22.513, 68 %, 0 %, 95.29 W, 30, 467 MiB, 81559 MiB
2026/08/06 16:32:27.513, 68 %, 0 %, 95.39 W, 30, 467 MiB, 81559 MiB
2026/08/06 16:32:32.514, 68 %, 0 %, 95.34 W, 30, 467 MiB, 81559 MiB
2026/08/06 16:32:37.514, 68 %, 0 %, 95.47 W, 30, 467 MiB, 81559 MiB
2026/08/06 16:32:42.515, 68 %, 0 %, 95.45 W, 30, 467 MiB, 81559 MiB
2026/08/06 16:32:47.515, 68 %, 0 %, 95.47 W, 30, 467 MiB, 81559 MiB
2026/08/06 16:32:52.516, 68 %, 0 %, 95.48 W, 30, 467 MiB, 81559 MiB
2026/08/06 16:32:57.516, 68 %, 0 %, 95.45 W, 30, 467 MiB, 81559 MiB
2026/08/06 16:33:02.517, 68 %, 0 %, 95.39 W, 30, 467 MiB, 81559 MiB
2026/08/06 16:33:07.517, 67 %, 0 %, 95.32 W, 30, 467 MiB, 81559 MiB
2026/08/06 16:33:12.518, 67 %, 0 %, 95.29 W, 30, 467 MiB, 81559 MiB
2026/08/06 16:33:17.518, 68 %, 0 %, 95.49 W, 30, 467 MiB, 81559 MiB
2026/08/06 16:33:22.519, 67 %, 0 %, 95.42 W, 30, 467 MiB, 81559 MiB
2026/08/06 16:33:27.519, 67 %, 0 %, 95.38 W, 30, 467 MiB, 81559 MiB
2026/08/06 16:33:32.520, 67 %, 0 %, 95.37 W, 30, 467 MiB, 81559 MiB
2026/08/06 16:33:37.521, 68 %, 0 %, 95.37 W, 30, 467 MiB, 81559 MiB
2026/08/06 16:33:42.521, 68 %, 0 %, 95.39 W, 30, 467 MiB, 81559 MiB
